timestamp,open,high,low,close,volume
2024-04-15,194.0900,196.0000,184.7800,185.4000,2531456
2024-04-12,191.9600,193.2499,190.3500,191.6700,1801856
2024-04-11,191.5700,194.2800,190.0000,192.8800,2267301
2024-04-10,183.5000,193.8300,182.5000,191.0800,3862140
2024-04-09,192.6000,194.8400,185.0500,188.1000,1958517
2024-04-08,194.8650,197.6400,188.1100,191.9800,1663112
2024-04-05,182.3200,194.8500,181.4200,193.0800,4281656
2024-04-04,193.4400,195.5000,182.9600,183.1100,3741597
2024-04-03,188.4800,193.2100,186.8700,190.2600,2548869
2024-04-02,184.6850,188.3700,184.1200,188.1300,1873057
2024-04-01,186.0300,188.8100,183.4000,185.9800,1976139
2024-03-28,185.0300,186.8300,183.3350,184.8500,2050809
2024-03-27,188.0800,190.1200,182.3400,184.8900,2452118
2024-03-26,189.9000,198.8300,184.4800,185.4100,4228679
2024-03-25,180.0000,189.0500,179.5400,187.2600,3570578
2024-03-22,175.0000,178.3700,174.2150,178.2400,1608373
2024-03-21,177.4600,177.8100,172.3700,174.1300,2212136
2024-03-20,172.9200,176.7700,172.6509,175.7100,1969318
2024-03-19,169.0000,174.0100,168.2600,172.4100,1922186
2024-03-18,167.6900,171.0800,166.1900,168.8400,2006774
2024-03-15,164.1800,168.3900,162.6700,165.5200,4532036
2024-03-14,167.8500,168.3900,163.2700,164.6400,2899884
2024-03-13,171.2400,171.3100,166.4400,167.8600,1638687
2024-03-12,166.5700,169.0600,164.2000,168.3700,2563480
2024-03-11,170.3100,170.9600,166.4000,167.9100,2572223
2024-03-08,179.5800,179.8300,168.4600,170.5700,3196966
2024-03-07,181.7500,182.0500,176.2100,179.5800,1968527
2024-03-06,176.7700,180.8100,175.0100,179.9800,2073556
2024-03-05,177.3900,185.5800,175.4200,176.7700,4323775
2024-03-04,172.9600,177.0350,169.6200,175.9900,3818194
2024-03-01,167.0400,170.3100,165.0500,169.9900,4557632
2024-02-29,171.1800,171.3058,163.3700,168.4500,4537148
2024-02-28,158.4800,170.9800,156.5000,170.8300,8227485
2024-02-27,135.0000,156.6700,135.0000,155.7600,4888282
2024-02-26,134.6800,135.1999,132.9300,133.2200,1494701
2024-02-23,133.4900,134.1500,131.3500,133.9900,2052310
2024-02-22,132.4000,134.0600,131.6500,133.3900,1529900
2024-02-21,132.2900,132.5812,130.1400,131.4000,983415
2024-02-20,131.0000,132.0600,129.3900,131.8000,2121235
2024-02-16,131.2600,132.6600,130.4900,131.1600,1295739
2024-02-15,129.9200,131.6200,128.8300,131.5000,1348940
2024-02-14,128.3000,129.4350,127.6900,128.6700,1372350
2024-02-13,127.9100,128.8100,126.7300,127.9100,1503717
2024-02-12,131.8200,132.1900,127.9600,128.5100,1206893
2024-02-09,130.0200,132.5100,130.0000,132.1700,1245398
2024-02-08,132.5500,133.9700,130.1700,130.7200,1228722
2024-02-07,131.9600,133.8000,130.8100,132.5000,2087576
2024-02-06,127.7600,131.4950,127.1900,131.0100,2656914
2024-02-05,127.9000,128.4200,125.8500,127.0300,1878057
2024-02-02,127.0100,133.0700,126.4300,129.7100,3781674
2024-02-01,122.0000,127.7000,122.0000,127.6300,1937524
2024-01-31,122.7800,124.1800,121.3650,122.0000,1666070
2024-01-30,121.3300,122.3100,120.7000,121.8800,1285466
2024-01-29,121.0900,121.7420,120.0050,121.0100,1801469
2024-01-26,120.0700,122.4100,120.0700,121.2700,1558807
2024-01-25,117.9000,120.5900,117.0400,120.5500,1425765
2024-01-24,119.1400,119.5200,115.3400,115.6700,1449099
2024-01-23,117.7300,120.5600,117.1600,118.6900,1929364
2024-01-22,114.4600,117.3750,114.3300,117.2100,1876800
2024-01-19,111.4500,114.6100,111.4500,114.4500,1684303
2024-01-18,111.3700,111.9000,110.2500,111.4100,1614877
2024-01-17,111.2300,112.0000,109.4400,111.9200,1484467
2024-01-16,112.3700,112.8350,111.3000,111.8100,1416999
2024-01-12,113.9400,114.4200,112.7400,112.9100,1556906
2024-01-11,115.0000,115.2900,111.4800,112.9100,1609390
2024-01-10,116.0200,116.4299,114.9650,115.8500,1090523
2024-01-09,116.4400,116.9300,115.1700,116.4900,1514048
2024-01-08,116.1900,117.1600,115.0300,117.0300,1351735
2024-01-05,115.1100,117.6624,115.1100,116.2400,1723667
2024-01-04,116.2100,117.1090,115.0000,115.3600,1348862
2024-01-03,115.5000,117.1662,115.5000,115.8500,1372365
2024-01-02,116.4000,117.2300,114.9700,115.2500,1362814
2023-12-29,116.7300,117.2700,115.9300,116.8900,849870
2023-12-28,118.7100,118.7800,116.9500,117.1100,559694
2023-12-27,117.2800,117.7600,116.8800,117.4200,540857
2023-12-26,115.5900,117.8400,115.5900,117.5700,740712
2023-12-22,115.0000,117.9800,114.0200,115.3300,1188462
2023-12-21,117.4900,118.4300,116.8100,118.3100,904587
2023-12-20,119.8300,120.1250,117.0000,117.0100,1324391
2023-12-19,119.7700,121.0500,119.2550,120.8100,1011833
2023-12-18,119.5700,121.5400,118.9100,119.3600,2019799
2023-12-15,115.6700,120.8700,115.6100,118.7500,6046770
2023-12-14,116.6400,117.8100,115.3700,115.6000,2456446
2023-12-13,114.5900,116.7500,113.5300,116.4300,1731074
2023-12-12,116.1600,116.4000,113.8500,114.4900,1846150
2023-12-11,111.5500,116.3000,110.6700,116.1500,2582916
2023-12-08,109.9900,111.6102,109.6500,111.2100,2627281
2023-12-07,113.2600,113.4400,109.4500,110.5300,3497039
2023-12-06,119.3400,119.6700,112.2200,112.6300,2629641
2023-12-05,118.7050,118.9400,115.8850,118.3100,1805964
2023-12-04,119.0000,119.5500,118.0500,118.9200,1946950
2023-12-01,120.6200,120.9400,119.6500,119.8800,1455026
2023-11-30,120.5900,121.8600,120.5150,121.0400,2649969
2023-11-29,123.5500,123.9400,119.7600,120.5800,2078787
2023-11-28,124.9800,126.5000,123.7600,124.4500,2003088
2023-11-27,123.9300,125.3800,123.3700,125.1000,1073180
2023-11-24,123.0700,124.3000,123.0500,123.8600,532492
2023-11-22,122.9000,123.8400,121.9750,123.2500,1376724
2023-11-21,122.9000,123.1800,121.8500,122.5100,984695
2023-11-20,122.4500,122.8500,121.4800,122.2800,1041732
2023-11-17,122.2000,123.5200,121.6000,121.6900,1487904
2023-11-16,123.0000,123.8300,121.5100,121.6700,1474553
2023-11-15,126.5800,127.2400,121.6904,121.9900,1982239
2023-11-14,124.0500,126.7100,123.3800,126.5200,1433265
2023-11-13,121.3800,122.2360,120.9100,121.7200,891599
2023-11-10,121.4500,122.7250,121.3755,121.7700,1219732
2023-11-09,121.5900,124.3550,120.5200,120.6300,1603238
2023-11-08,120.4200,121.4800,118.9650,121.1800,1730233
2023-11-07,124.4400,124.9744,118.6600,119.8700,2271497
2023-11-06,118.9900,125.6243,118.0600,124.7300,2530839
2023-11-03,118.6500,118.6700,116.8495,117.0700,1853261
2023-11-02,114.9100,117.9000,114.3800,117.1900,1894671
2023-11-01,113.5900,115.3800,112.8300,114.8500,2751302
2023-10-31,113.1200,113.5100,111.1700,112.9200,1942034
2023-10-30,111.8600,113.2300,111.5050,113.0300,1271621
2023-10-27,113.0000,113.3600,109.8927,110.7800,1128928
2023-10-26,112.0000,113.0300,111.1400,112.7200,1652758
2023-10-25,114.2300,114.2700,111.6700,112.0300,1575018
2023-10-24,113.2600,115.3000,113.2600,114.2700,1931045
2023-10-23,111.8300,113.0300,110.3993,112.1100,950873
2023-10-20,114.1100,114.7900,111.9200,112.1000,1654390
2023-10-19,116.0000,116.6100,114.1100,114.2900,980971
2023-10-18,117.3300,118.6450,115.8100,116.0700,1050670
2023-10-17,116.0500,117.9900,115.7101,117.1500,1214629
2023-10-16,114.7700,117.1200,114.6100,116.8300,1701684
2023-10-13,116.7700,117.3900,112.9900,113.6900,1699401
2023-10-12,114.9100,116.1600,114.4600,115.7200,1299693
2023-10-11,113.9100,115.1780,113.3100,115.0700,1353505
2023-10-10,110.9600,113.4900,110.9600,113.0000,1464432
2023-10-09,110.1700,111.4870,109.9700,111.3800,1258465
2023-10-06,106.5500,110.5800,105.1300,110.1700,2095806
2023-10-05,106.9800,108.5000,106.6100,107.8800,1589212
2023-10-04,104.6400,106.6000,104.2250,106.1600,1973879
2023-10-03,103.2100,104.9200,102.4050,104.8900,2557014
2023-10-02,108.3000,108.3000,102.7600,104.7300,2892497
2023-09-29,110.0400,110.7100,108.6400,109.0800,2867658
2023-09-28,110.7700,110.9800,108.8350,109.3200,1550711
2023-09-27,108.9800,111.2900,108.9800,110.7500,2819227
2023-09-26,111.6600,111.7150,107.9300,108.4900,2309718
2023-09-25,109.7200,112.9200,109.4950,112.2100,2115199
2023-09-22,109.4600,110.7399,108.6149,110.3600,1210578
2023-09-21,109.6300,110.6400,109.5100,109.9400,1446365
2023-09-20,110.9300,111.1800,109.9100,110.1300,924618
2023-09-19,111.0900,111.3800,110.3000,110.5400,1972105
2023-09-18,110.4300,112.2500,110.4100,110.7400,1358465
2023-09-15,112.4600,112.6800,109.8000,109.9300,4287721
2023-09-14,109.7600,112.6200,109.5250,112.4600,2308302
2023-09-13,108.7800,110.0900,108.5100,109.2700,1894602
2023-09-12,109.5400,110.0950,108.1500,108.5000,1557153
2023-09-11,108.8000,110.3970,108.6500,109.9800,1820745
2023-09-08,108.2300,109.6600,108.2300,108.6400,1428143
2023-09-07,107.8600,110.9550,107.1800,108.5400,1951232
2023-09-06,106.3300,107.7900,105.9900,106.6400,1337820
2023-09-05,106.5500,106.7300,105.1510,106.0500,1433173
2023-09-01,105.6300,107.4100,105.2000,107.2900,1338797
2023-08-31,105.9500,106.0900,103.7700,104.1600,2035492
2023-08-30,105.3400,106.2675,105.0900,105.7400,1167381
2023-08-29,105.2300,106.1700,104.8000,105.5400,1131566
2023-08-28,106.3050,107.3500,105.2300,105.3700,1088020
2023-08-25,106.8200,107.4400,105.5700,105.8700,1383831
2023-08-24,108.9000,110.2500,106.8400,106.9200,1498696
2023-08-23,106.9500,109.2600,106.9500,108.4400,1393486
2023-08-22,105.6600,106.5450,105.5100,106.2600,1276904
2023-08-21,104.6000,106.4557,104.2800,106.1100,1376986
2023-08-18,104.5300,105.5400,104.5100,104.7700,1668985
2023-08-17,105.4800,106.1450,104.5700,104.8200,1800645
2023-08-16,106.4000,106.4500,105.0000,105.1000,1835274
2023-08-15,106.3900,106.5850,105.6200,106.2400,1709598
2023-08-14,106.4600,107.6000,105.7125,107.0000,2404047
2023-08-11,105.4400,106.7166,104.9900,106.5600,1414131
2023-08-10,105.9700,106.8500,105.1100,105.7200,1563665
2023-08-09,104.6200,105.9000,104.3082,105.1100,1646789
2023-08-08,102.9600,104.9300,102.9600,104.8100,1207475
2023-08-07,104.5800,104.6500,102.7753,103.7500,1759799
2023-08-04,101.9200,104.7050,101.7900,103.9400,2723695
2023-08-03,95.9700,103.5744,95.7600,101.1400,3511390
2023-08-02,95.9900,96.0250,94.4300,95.5500,2040340
2023-08-01,96.2400,97.0900,96.0700,96.3000,1469785
2023-07-31,95.8400,96.6900,95.4000,96.6500,1170237
2023-07-28,96.2600,96.6600,95.2600,95.7400,1135916
2023-07-27,97.7300,97.7500,95.2000,95.4200,897917
2023-07-26,96.6700,98.2400,96.6700,97.3400,1242977
2023-07-25,95.9500,98.1600,95.9000,97.5200,854831
2023-07-24,96.6000,96.8100,95.7600,96.5500,1077838
2023-07-21,97.5800,98.1500,96.3100,96.6000,5081249
2023-07-20,95.5000,97.3200,95.2400,96.8900,1600295
2023-07-19,94.8300,95.5400,93.9300,94.7300,1785290
2023-07-18,96.0000,96.6500,93.8900,95.3700,1925349
2023-07-17,94.4700,96.9200,94.4700,96.1800,1951449
2023-07-14,94.8900,95.5350,94.6993,95.0000,1260094
2023-07-13,95.8500,96.0700,94.8800,95.2700,1462439
2023-07-12,94.9400,96.1600,94.0800,96.0600,1532735
2023-07-11,93.8400,94.4300,92.8600,94.3600,1260944
2023-07-10,91.3800,93.6300,91.3800,93.6000,1539399
2023-07-07,91.0000,91.7100,90.6600,91.3300,1334025
2023-07-06,91.4700,91.4700,89.8500,91.0000,2263325
2023-07-05,91.4200,93.2100,91.3500,92.1400,2087275
2023-07-03,91.0100,91.7400,90.3300,91.6000,1089148
2023-06-30,92.0500,92.2900,91.0400,91.5500,2667050
2023-06-29,90.5100,91.3450,90.1400,90.8700,1738753
2023-06-28,90.9000,90.9000,89.7100,90.5500,1605448
2023-06-27,90.9700,91.0150,89.9800,90.8500,1472912
2023-06-26,90.2500,91.2000,89.6900,90.6300,1890481
2023-06-23,89.6400,90.7000,89.1200,90.3600,2875874
2023-06-22,90.5000,90.6850,87.8650,89.2500,3205645
2023-06-21,90.8800,91.0350,89.1850,90.5000,2684868
2023-06-20,93.1300,93.3600,91.8900,91.9900,1848651
2023-06-16,93.5900,94.5200,92.7400,92.8900,4963362
2023-06-15,93.7200,93.7500,92.9600,93.4600,3712292
2023-06-14,94.5300,95.0000,92.7700,93.2000,2573214
2023-06-13,93.9600,95.3300,93.5900,94.2500,2429899
2023-06-12,93.0000,94.0200,92.8800,93.7500,1720675
2023-06-09,92.3000,93.7700,92.0895,93.2900,2530126
2023-06-08,91.4900,92.4678,91.0600,92.3000,3075697
2023-06-07,89.5500,90.8800,89.1300,90.8100,2452135
2023-06-06,87.1400,89.8900,87.1400,89.5500,2311537
2023-06-05,87.8200,88.8100,87.1800,87.5100,1819035
2023-06-02,88.6600,89.0500,87.2700,87.5400,3225572
2023-06-01,84.8750,89.1620,84.7900,88.8800,3646920
2023-05-31,83.5300,84.5500,82.4500,84.0200,5214534
2023-05-30,83.8600,85.0450,83.1350,83.7000,2198211
2023-05-26,82.9500,83.9500,82.3100,83.8500,2267083
2023-05-25,83.2000,83.2000,81.9000,82.7500,1863123
2023-05-24,84.0400,84.3700,82.5500,83.3100,2430342
2023-05-23,83.3600,84.5600,83.1650,84.0400,2232178
2023-05-22,82.7300,83.9600,82.3100,83.5300,1908314
2023-05-19,81.7300,83.2350,81.5300,82.3000,2444827
2023-05-18,80.2700,81.4700,79.5615,81.4000,2849339
2023-05-17,79.0900,80.6300,78.7100,80.3900,2329453
2023-05-16,80.1900,80.1900,78.3300,79.0000,3709131
2023-05-15,80.6300,81.0900,79.1800,80.2700,2048283
2023-05-12,79.4500,80.3900,78.8600,79.8500,1991046
2023-05-11,78.5800,79.5500,78.2400,79.1200,2497425
2023-05-10,79.8500,80.1200,78.7450,79.4550,1629422
2023-05-09,77.9800,79.1000,77.8100,78.9500,3158354
2023-05-08,79.7400,79.8500,78.0800,78.7100,2360113
2023-05-05,79.1200,80.4500,78.2800,79.4900,2359300
2023-05-04,76.9800,80.3700,74.9100,78.5900,3830453
2023-05-03,77.2000,77.6000,76.1500,76.5100,1607034
2023-05-02,76.7300,77.4000,75.9500,76.7900,2554193
2023-05-01,77.5200,77.6500,76.7600,77.0500,1788349
2023-04-28,76.9000,77.4700,76.3000,77.4000,2233621
2023-04-27,76.2700,77.2400,75.9800,76.7500,1865730
2023-04-26,76.5100,76.9700,75.4600,75.8600,3083905
2023-04-25,76.6400,77.1400,75.8400,76.9300,1722595
2023-04-24,76.4300,77.3350,75.6000,77.2900,1094513
2023-04-21,76.8200,76.9650,75.9600,76.5500,1178948
2023-04-20,74.7400,76.5699,74.6900,76.4700,1926885
2023-04-19,74.9700,75.4000,74.5030,74.7500,1039291
2023-04-18,75.3400,75.9500,74.1700,74.4800,1235248
2023-04-17,76.5800,76.8250,74.6600,75.0400,1093017
2023-04-14,76.3200,76.6350,75.5000,76.4300,1328449
2023-04-13,76.6900,77.5900,76.1700,77.1400,1324699
2023-04-12,77.9300,77.9500,76.6600,76.8100,1171137
2023-04-11,77.7600,77.8100,77.1750,77.4200,1371529
2023-04-10,76.5300,77.3700,75.8601,77.3300,1485455
2023-04-06,76.6100,76.9800,76.1600,76.9600,1222995
2023-04-05,75.8800,77.1200,75.6800,76.5000,1204816
2023-04-04,76.6700,76.9700,75.1200,76.0200,1316171
2023-04-03,78.0000,78.5500,76.4800,76.6200,1894927
2023-03-31,76.8200,78.6000,76.7300,78.5000,2984413
2023-03-30,76.6900,77.4400,76.0000,76.8200,1737815
2023-03-29,76.2900,76.5600,75.4250,75.8800,2299538
2023-03-28,75.0700,76.8100,74.8535,75.5100,1752386
2023-03-27,73.4400,75.4250,73.4400,75.2700,3225474
2023-03-24,72.5600,73.5200,71.1600,73.4400,2777175
2023-03-23,74.6700,75.1300,72.7700,73.4000,1655381
2023-03-22,76.2700,76.3300,74.4000,74.4200,1863373
2023-03-21,77.5800,78.1100,75.9700,76.5200,2045652
2023-03-20,77.0600,78.4300,76.9100,77.0000,1629512
2023-03-17,77.7200,78.4600,75.9850,76.7700,3896609
2023-03-16,76.6200,79.0400,76.0300,78.4300,1966454
2023-03-15,77.2900,77.8800,76.3500,77.3300,1956990
2023-03-14,77.5000,79.1000,77.1700,77.9300,2142804
2023-03-13,76.9300,78.6050,76.4900,77.1000,2242432
2023-03-10,79.1900,79.7800,77.2400,77.5500,2895697
2023-03-09,78.0400,80.1900,77.4000,78.6400,3110895
2023-03-08,77.7500,78.4500,77.1000,78.0700,1261563
2023-03-07,79.0700,79.0700,77.3200,77.9000,2203903
2023-03-06,78.3600,78.8800,77.3500,78.8000,2294999
2023-03-03,76.2300,79.2000,76.0000,78.9800,2304756
2023-03-02,74.1300,76.7300,74.0000,76.1800,1949886
2023-03-01,74.1300,75.3900,72.8300,74.3500,2594368
2023-02-28,77.8100,77.9900,74.4000,74.8900,3584775
2023-02-27,79.4200,80.1000,77.9950,78.3700,1326219
2023-02-24,77.7300,79.4100,77.4800,79.2700,1529102
2023-02-23,78.0000,79.4450,78.0000,79.2200,1584907
2023-02-22,79.3100,79.3100,76.4000,77.8000,3341119
2023-02-21,81.6100,83.0100,79.9000,80.3700,5056023
2023-02-17,85.2000,86.0400,81.9000,84.5500,3570653
2023-02-16,85.0000,87.9200,84.9250,85.6300,3037693
2023-02-15,84.5000,86.4850,84.3600,86.0100,2030653
2023-02-14,85.9200,87.6021,85.1500,86.0600,2383102
2023-02-13,86.8900,87.3000,85.9400,86.3900,1173561
2023-02-10,84.2100,86.9999,84.1700,86.8100,1350426
2023-02-09,84.9300,85.4600,83.9300,84.4200,1975033
2023-02-08,84.7500,85.0000,84.1400,84.3400,2005949
2023-02-07,83.3300,86.2700,82.3300,85.9300,2032949
2023-02-06,83.0100,83.8500,82.5100,83.2600,1502006
2023-02-03,84.3800,85.1600,83.0500,83.2000,1807229
2023-02-02,85.4800,86.6800,83.7550,85.3300,2389568
2023-02-01,85.4550,85.8700,82.8750,85.4100,2623415
2023-01-31,82.8800,85.5000,82.3800,85.3600,2509040
2023-01-30,85.9200,86.8500,82.2500,82.4000,3045819
2023-01-27,85.8800,86.6600,84.8400,86.5800,1455323
2023-01-26,83.6300,86.0700,83.2800,85.8800,2161319
2023-01-25,83.4200,83.5600,82.4900,83.4000,1535226
2023-01-24,84.0000,84.2300,82.9800,83.9100,1175996
2023-01-23,82.9300,84.2900,82.5580,84.1400,1596236
2023-01-20,81.1200,83.1000,80.4500,83.0000,1795068
2023-01-19,81.6000,81.7900,80.7550,80.8400,1635622
2023-01-18,83.3200,84.5100,81.7700,81.8500,2084850
2023-01-17,83.9300,85.0200,83.0000,83.3700,2763605
2023-01-13,83.8100,85.7050,83.4500,85.1600,1366233
2023-01-12,83.8800,84.8000,82.7700,84.3400,1496701
2023-01-11,83.0000,84.3750,82.4400,84.1100,1696257
2023-01-10,83.4000,83.4900,81.5800,83.0800,1376704
2023-01-09,83.8500,85.2100,83.5800,84.0000,1301581
2023-01-06,83.6200,85.1600,83.0800,83.5000,1914128
2023-01-05,82.9200,83.9200,81.8850,82.4100,1906378
2023-01-04,81.9500,83.7400,81.2900,83.4100,2612191
2023-01-03,86.0000,86.1200,80.7900,81.9100,4030562
2022-12-30,86.6000,86.6000,85.1200,86.2100,1343347
2022-12-29,87.1600,87.6899,86.2800,86.7700,870779
2022-12-28,87.9500,88.3400,86.4200,86.6100,751999
2022-12-27,88.4400,88.9100,87.2700,87.6400,634390
2022-12-23,87.5200,88.2300,87.1300,88.0400,600675
2022-12-22,89.1300,89.3750,86.5300,87.3300,1548323
2022-12-21,87.9900,90.1700,86.7100,89.6500,1409511
2022-12-20,88.0000,88.1200,87.1250,87.5600,1306643
2022-12-19,88.3800,88.6700,87.0000,87.7300,1238141
2022-12-16,88.1500,88.6000,85.9300,88.2000,3911692
2022-12-15,90.8100,90.8500,89.4300,89.7000,2245092
2022-12-14,91.5400,92.2900,89.8800,90.8500,2561578
2022-12-13,91.9800,92.7100,90.3900,90.8400,1629858
2022-12-12,89.9800,90.9200,89.0700,90.8800,1554061
2022-12-09,91.3600,91.8600,89.6900,89.7200,1384640
2022-12-08,92.3300,92.9850,90.9300,91.4100,1002449
2022-12-07,90.8800,93.2000,90.5900,91.9700,1237198
2022-12-06,89.8600,90.8800,89.8000,90.7800,1237536
2022-12-05,91.0100,91.6100,89.8000,90.0600,2397070
2022-12-02,92.9900,93.4900,91.0400,92.0400,1848756
2022-12-01,97.0000,97.7800,93.8800,94.4700,1748575
2022-11-30,94.1400,96.9400,93.7600,96.1200,3361825
2022-11-29,94.6900,95.1100,93.3200,94.4300,1436207
2022-11-28,96.0700,96.5900,94.3800,94.8100,1590100
2022-11-25,96.6000,97.4500,96.0000,97.1600,631686
2022-11-23,96.0300,97.8900,94.4150,96.6200,1135868
2022-11-22,94.5600,96.3600,94.0900,96.2700,1567699
2022-11-21,94.0700,94.2200,92.7600,93.3900,1744771
2022-11-18,90.1200,93.4400,90.0263,93.3000,2515674
2022-11-17,90.4300,91.4600,88.8700,90.0500,1792525
2022-11-16,94.3100,94.5200,91.2800,91.6800,1384564
2022-11-15,94.5100,94.7500,92.6500,93.5000,2537244
2022-11-14,92.0000,94.7200,92.0000,93.9200,1997043
2022-11-11,95.2900,95.8700,91.6050,92.3100,3133227
2022-11-10,90.5000,95.8400,88.2000,95.1400,4885662
2022-11-09,87.0000,89.9200,86.3300,87.3500,2241529
2022-11-08,89.5600,93.1050,86.0800,87.5400,4345520
2022-11-07,95.0600,95.0600,92.9600,93.5000,2120385
2022-11-04,95.0900,96.2100,92.7450,94.3200,1974363
2022-11-03,92.1600,95.4500,92.1600,94.4100,1484563
2022-11-02,94.6800,96.2900,92.9800,93.0900,1966171
2022-11-01,95.2400,96.2400,94.0050,95.5200,1467642
2022-10-31,94.1400,95.4200,93.3750,94.5400,2276566
2022-10-28,92.8900,95.2524,91.8200,93.7500,1958031
2022-10-27,89.8050,93.1400,89.8050,93.0400,3345777
2022-10-26,89.6800,89.6800,87.3300,88.7800,1370642
2022-10-25,87.5000,88.5600,86.7500,88.1500,1647151
2022-10-24,87.5680,87.7100,85.5700,87.5800,1325229
2022-10-21,84.7000,87.4600,83.6600,87.2800,1749273
2022-10-20,86.3699,86.7300,84.1800,84.5600,2076533
2022-10-19,85.0900,86.2300,84.5600,85.6900,1325774
2022-10-18,86.5000,87.4000,84.5100,86.5100,1598879
2022-10-17,83.2200,86.2900,83.1400,85.1900,1678913
2022-10-14,84.2100,84.7600,80.7100,81.2600,1693599
2022-10-13,80.5600,84.3200,79.3000,83.8200,2746499
2022-10-12,83.1100,83.5900,81.6800,82.1600,1878701
2022-10-11,84.4100,85.3200,82.5500,82.8800,1534413
2022-10-10,84.9500,85.6300,83.9300,84.7200,982937
2022-10-07,85.7100,85.7500,83.3700,84.3900,2017173
2022-10-06,88.2300,89.9094,85.9500,86.2800,1677380
2022-10-05,87.6800,89.4700,85.5900,88.1700,1766792
2022-10-04,88.3000,89.4650,87.1600,89.3400,1679092
2022-10-03,85.0300,86.9100,83.8700,86.5900,2026674
2022-09-30,83.2800,84.4500,82.2200,83.1900,3267820
2022-09-29,85.0500,86.2100,82.0700,83.0400,1823692
2022-09-28,84.1100,85.5300,83.1800,85.0200,1564312
2022-09-27,83.6900,85.4150,83.0800,83.9700,1777934
2022-09-26,83.6700,84.9500,81.6500,82.9200,1973279
2022-09-23,83.7850,84.3400,82.1550,83.8500,2678980
2022-09-22,88.0000,88.0000,84.6300,85.3800,1854174
2022-09-21,88.7900,90.0900,87.2300,87.2800,2155144
2022-09-20,88.4100,90.1800,87.5600,87.7500,4626023
2022-09-19,85.4000,89.7000,85.2500,89.3600,4407538
2022-09-16,86.6100,86.8600,84.8931,85.5700,6245681
2022-09-15,87.8800,88.2600,86.3100,86.8000,3631889
2022-09-14,86.3800,88.5300,86.2600,88.0500,3600348
2022-09-13,86.9000,88.0300,85.7700,86.3800,1974283
2022-09-12,88.5600,88.6600,87.4600,88.1300,1733754
2022-09-09,86.5000,87.8100,85.4350,87.5100,1906419
2022-09-08,82.8700,85.9500,82.8700,85.7900,2184477
2022-09-07,82.6000,84.4599,81.6841,82.9000,1759098
2022-09-06,81.7000,82.7000,81.0800,82.2600,2010090
2022-09-02,82.5800,83.6900,80.9600,81.0700,2232371
2022-09-01,81.5900,82.9399,81.1600,82.5200,2421083
2022-08-31,80.2600,82.3900,79.5700,81.5900,3016477
2022-08-30,81.5800,81.5800,78.9800,79.6900,1802782
2022-08-29,79.6500,81.9900,79.1500,81.0000,1179059
2022-08-26,82.7400,83.2300,80.6000,80.8300,1641112
2022-08-25,80.0100,82.8300,79.7650,82.7400,1551725
2022-08-24,79.6600,80.8153,79.3100,80.3700,1430207
2022-08-23,80.2700,80.8900,79.6000,79.7500,1065822
2022-08-22,80.7500,80.7500,79.5200,79.6500,1724562
2022-08-19,80.3100,81.2800,79.8500,80.8400,1703994
2022-08-18,79.4200,82.1450,79.4200,81.6000,1939681
2022-08-17,80.4200,81.4500,79.1000,79.7000,2502222
2022-08-16,81.1000,82.1100,80.9000,81.4000,1878803
2022-08-15,80.2500,82.4300,80.2500,81.2000,1980089
2022-08-12,79.6500,81.6800,79.0400,81.5000,2170897
2022-08-11,77.1200,80.0600,76.6800,78.8300,2540384
2022-08-10,76.0500,77.2000,75.5000,77.1200,2134576
2022-08-09,75.7500,76.7700,75.0200,75.7200,2945671
2022-08-08,77.0100,77.6300,74.9700,75.8900,3183607
2022-08-05,69.7600,75.9800,69.7500,74.3000,4216830
2022-08-04,65.5100,68.3700,65.5100,67.4600,2425911
2022-08-03,66.6300,67.3800,65.5400,67.1700,2286658
2022-08-02,65.3000,66.7900,64.9900,65.8400,1722917
2022-08-01,66.0500,66.6000,64.1300,65.3000,2735223
2022-07-29,63.8500,66.6000,63.6400,66.1000,3895292
2022-07-28,62.5800,65.9400,62.1900,64.5900,8460626
2022-07-27,55.0300,55.7600,54.1800,55.5300,1557154
2022-07-26,55.4000,56.6700,54.8900,55.5000,1993560
2022-07-25,53.9800,55.0600,53.3700,54.9600,1847735
2022-07-22,54.7900,55.6000,53.4200,54.0000,1503093
2022-07-21,53.8600,54.8550,53.3100,54.1600,1816760
2022-07-20,55.1600,55.3450,53.3700,54.0700,2803622
2022-07-19,55.4400,55.5000,54.1700,55.0000,2326169
2022-07-18,56.3300,56.6700,54.5900,54.8100,2583186
2022-07-15,54.9600,56.6460,52.6400,55.6600,5186185
2022-07-14,58.2900,58.9700,57.0900,57.9200,2608750
2022-07-13,58.1500,60.2800,58.1500,59.8200,1577216
2022-07-12,59.4100,61.1100,58.9200,59.2300,1808377
2022-07-11,59.6500,60.1400,58.4100,59.8400,1774827
2022-07-08,58.9400,59.8100,57.4200,59.6500,2096172
2022-07-07,57.5700,59.9000,57.5700,59.1100,1872094
2022-07-06,55.1300,57.2200,54.5600,56.7600,1716553
2022-07-05,57.1500,57.3700,52.8900,54.9400,2696679
2022-07-01,56.7200,58.0900,56.6200,57.6000,1531893
2022-06-30,56.9000,58.8340,56.5500,57.2600,2424421
2022-06-29,57.9600,58.1550,56.3200,57.3100,1412233
2022-06-28,59.8400,60.9100,57.8300,58.0800,1401743
2022-06-27,59.1200,59.8710,58.4200,59.4200,1718870
2022-06-24,58.8400,60.3400,57.9800,59.2800,6473798
2022-06-23,59.8800,61.2300,57.7900,58.6500,2667573
2022-06-22,59.2800,60.4300,58.8650,59.2100,3233385
2022-06-21,58.1000,60.9400,58.1000,60.3800,4363642
2022-06-17,58.5500,59.5000,55.4850,58.1000,6478900
2022-06-16,56.3300,58.3500,56.0800,58.2600,4837021
2022-06-15,55.7000,59.5550,55.6800,58.2000,3891756
2022-06-14,56.0300,56.4800,53.3200,54.4400,2330437
2022-06-13,58.2700,58.9900,55.2000,55.4800,2113210
2022-06-10,59.8500,61.0600,59.2100,59.7900,1540816
2022-06-09,64.2600,64.4600,61.1600,61.2100,1811196
2022-06-08,66.4400,66.4700,63.1300,64.7700,1922248
2022-06-07,65.5200,66.7000,65.1612,66.5500,2721656
2022-06-06,65.5700,66.9400,65.3850,66.3900,2033233
2022-06-03,63.2600,65.8200,63.1200,65.1700,1793454
2022-06-02,63.6900,64.1200,61.9800,63.7500,1758533
2022-06-01,62.3800,63.9200,62.1500,63.6500,2008631
2022-05-31,65.5400,66.3900,61.3700,62.0800,7389274
2022-05-27,62.4000,66.6400,62.0000,66.6000,2793825
2022-05-26,59.1800,63.0427,59.1700,62.4700,3260200
2022-05-25,56.8800,59.3400,56.8800,59.1700,1974650
2022-05-24,56.5500,57.3600,55.0700,56.7800,1682344
2022-05-23,57.5000,57.5900,55.8600,56.6000,1581852
2022-05-20,57.5100,58.9400,55.4900,56.6500,2266207
2022-05-19,57.1300,57.5100,54.9200,57.2300,2181111
2022-05-18,59.4200,60.2550,56.9300,57.2800,4609064
2022-05-17,56.8500,59.4800,55.9800,59.3200,2215081
2022-05-16,54.4200,57.1300,54.3400,56.5900,1631977
2022-05-13,54.5300,55.9005,53.6300,54.6100,2317613
2022-05-12,57.3100,57.8500,53.0800,53.4700,3785644
2022-05-11,57.1100,59.0300,56.5300,57.3700,1877078
2022-05-10,58.2500,59.8700,56.7350,57.0400,2156191
2022-05-09,60.5700,60.5700,56.5700,57.6200,2193713
2022-05-06,60.2600,61.2300,58.7000,60.2700,2861013
2022-05-05,61.2200,61.9900,59.1700,60.1600,1946942
2022-05-04,60.1200,62.2950,59.8432,61.8100,2628874
2022-05-03,58.4500,60.4500,58.4500,59.7000,2224296
2022-05-02,59.3000,59.9900,56.9000,58.2000,2488175
2022-04-29,61.5000,61.8600,59.1500,59.2100,2578438
2022-04-28,60.2200,61.3500,58.8000,61.3100,3355737
2022-04-27,60.0100,61.1900,59.7300,60.0900,1991612
2022-04-26,61.8000,62.2200,59.9100,59.9500,2135839
2022-04-25,62.3600,62.8400,59.4400,62.2700,2261675
2022-04-22,62.5000,64.4558,62.2900,62.4300,2030484
2022-04-21,65.0000,66.3000,62.1500,62.6700,2493684
2022-04-20,67.8200,68.6800,65.0650,65.4100,2181442
2022-04-19,63.6300,66.8900,62.8800,66.7100,2078885
2022-04-18,62.2900,64.1700,62.2900,63.3100,1216775
2022-04-14,64.1200,64.7200,62.1810,62.5500,1860085
2022-04-13,62.0400,64.5500,61.7500,64.2000,3405742
2022-04-12,61.0000,63.2100,60.8800,61.8700,2552972
2022-04-11,64.1800,64.6615,60.4100,60.6800,3487831
2022-04-08,61.2200,64.9000,60.9000,64.0200,4762331
2022-04-07,59.7600,61.0700,59.3500,60.9100,3925803
2022-04-06,58.9000,60.0800,58.3700,59.6000,2559445
2022-04-05,58.6500,60.3200,58.4500,59.0000,2142483
2022-04-04,58.3600,58.7000,57.5300,58.3800,1885309
2022-04-01,56.3600,58.3000,55.7000,58.0200,2156475
2022-03-31,58.3400,59.0800,55.7800,56.2500,3817665
2022-03-30,56.1700,57.7900,55.7000,57.5000,1934119
2022-03-29,57.0000,57.3900,54.6300,56.3300,2201291
2022-03-28,54.3800,56.8500,54.0500,56.7800,3127207
2022-03-25,52.2400,53.8200,52.0300,53.8000,2408499
2022-03-24,51.1800,52.5800,50.7671,52.4100,2335188
2022-03-23,50.7000,51.7700,50.7000,50.9900,2396297
2022-03-22,50.3500,52.0500,50.0100,51.1400,3822194
2022-03-21,48.9100,49.4300,48.6000,49.2200,2390384
2022-03-18,50.6500,51.4100,48.8800,49.0100,9292034
2022-03-17,51.8800,52.7100,50.9100,50.9900,2244591
2022-03-16,51.7100,52.4000,50.3500,51.7700,2989796
2022-03-15,51.3400,51.5900,49.9000,51.2900,2117498
2022-03-14,51.8600,51.8600,48.5900,50.9500,2916589
2022-03-11,51.4200,51.8400,48.2900,49.3200,3034078
2022-03-10,50.5700,51.6400,49.2700,51.3200,2692839
2022-03-09,52.4400,53.6800,50.5900,51.3300,3050627
2022-03-08,51.1800,55.3200,50.8500,52.3200,3873722
2022-03-07,51.0600,52.5800,49.8700,51.6500,2727118
2022-03-04,49.1700,51.0400,48.2500,51.0000,2544707
2022-03-03,49.8200,50.3300,47.5470,49.5200,2072389
2022-03-02,48.0000,50.3000,47.3300,49.4600,3517056
2022-03-01,45.6200,48.0500,45.3500,47.7900,4212869
2022-02-28,43.3000,46.6200,42.4600,45.9800,5534951
2022-02-25,44.3000,44.9300,43.7400,43.9100,2040943
2022-02-24,43.1500,44.5900,42.2200,44.3200,2447912
2022-02-23,43.6900,43.9900,42.1800,43.0900,2791223
2022-02-22,45.4100,45.6800,43.4900,43.5400,2584154
2022-02-18,45.1500,45.9000,44.8000,45.4100,2018663
2022-02-17,46.3200,47.0800,45.1900,45.2900,3142569
2022-02-16,47.7200,48.4700,46.9500,47.2000,5855330
2022-02-15,47.7000,48.4500,47.2000,48.0000,2359830
2022-02-14,48.1900,49.0000,46.9900,48.1100,2155058
2022-02-11,46.7600,48.9100,46.0600,48.0900,3456845
2022-02-10,45.5100,48.5000,45.3800,47.0500,2449951
2022-02-09,44.7500,47.4500,43.8800,47.3100,4393344
2022-02-08,45.1300,47.5600,44.1700,45.5000,7277450
2022-02-07,50.0000,50.0400,46.0000,46.0700,9432628
2022-02-04,52.6000,54.3300,50.1200,50.1400,6757988
2022-02-03,52.1900,56.5700,50.3000,53.6200,8425481
2022-02-02,50.0348,56.2300,49.8000,53.0100,23860902

